{"cameraMode":{"drawMode":0,"name":"Shaded","section":"Shading Mode"},"sceneLighting":true,"audioPlay":false,"sceneViewState":{"showFog":true,"showMaterialUpdate":false,"showSkybox":true,"showFlares":true,"showImageEffects":true,"showParticleSystems":true},"in2DMode":false,"pivot":{"x":0.47648531198501589,"y":0.768798828125,"z":0.7248875498771668},"rotation":{"x":0.12852175533771516,"y":-0.5504781007766724,"z":0.08623819053173065,"w":0.8203785419464111},"size":2.9890894889831545,"orthographic":true}