{"cameraMode":{"drawMode":0,"name":"Shaded","section":"Shading Mode"},"sceneLighting":true,"audioPlay":false,"sceneViewState":{"showFog":true,"showMaterialUpdate":false,"showSkybox":true,"showFlares":true,"showImageEffects":true,"showParticleSystems":true},"in2DMode":false,"pivot":{"x":1.704010009765625,"y":0.15380859375,"z":-7.91656494140625},"rotation":{"x":0.588992178440094,"y":0.018666714429855348,"z":-0.013607710599899292,"w":0.8078161478042603},"size":4.60019588470459,"orthographic":true}